Star Software,RO892123,Aleea Rozelor 84,Iasi,Romania
Mecatronic Group,RO094782,Bulevardul Unirii 11,Iasi,Romania
Maxitronic Limited,DE767565,Bingauer Strasse 45,Koln,Germany
Microtronic Enterprise,IT213456,Via Alta 32,Roma,Italy
Volga Rivers,DE325476,Hoch Strasse 12,Koln,Germany
Purple Store,DE456232,Moven Strasse 44,Berlin,Germany
Star Software,RO892123,Aleea Rozelor 84,Iasi,Romania
Mecatronic Group,RO094782,Bulevardul Unirii 11,Iasi,Romania
Maxitronic Limited,DE767565,Bingauer Strasse 45,Koln,Germany
Microtronic Enterprise,IT213456,Via Alta 32,Roma,Italy
Volga Rivers,DE325476,Hoch Strasse 12,Koln,Germany
Purple Store,DE456232,Moven Strasse 44,Berlin,Germany
Star Software,RO892123,Aleea Rozelor 84,Iasi,Romania
Mecatronic Group,RO094782,Bulevardul Unirii 11,Iasi,Romania
Maxitronic Limited,DE767565,Bingauer Strasse 45,Koln,Germany
Microtronic Enterprise,IT213456,Via Alta 32,Roma,Italy
Volga Rivers,DE325476,Hoch Strasse 12,Koln,Germany
Purple Store,DE456232,Moven Strasse 44,Berlin,Germany
Star Software,RO892123,Aleea Rozelor 84,Iasi,Romania
Mecatronic Group,RO094782,Bulevardul Unirii 11,Iasi,Romania
Maxitronic Limited,DE767565,Bingauer Strasse 45,Koln,Germany
Microtronic Enterprise,IT213456,Via Alta 32,Roma,Italy
Volga Rivers,DE325476,Hoch Strasse 12,Koln,Germany
Purple Store,DE456232,Moven Strasse 44,Berlin,Germany
